Sieve No.,Sieve Opening (mm),Mass of Soil Retained Wn (g),"Percent of Mass Retained, Rn",Cumulative Percent Retained,Percent Finer,Cum mass retained,Sum,Mass Sample
4,4.75,146.01636729838322,17.890816838323005,17.890816838323005,82.109183161677,146.01636729838322,816.1526028571766,816.1526028571766
10,2.0,77.82161041836116,9.535178855758625,27.425995694081628,72.57400430591838,223.83797771674438,816.1526028571766,816.1526028571766
20,0.85,106.75064920528696,13.079741316951715,40.50573701103335,59.49426298896665,330.5886269220313,816.1526028571766,816.1526028571766
40,0.43,169.8584099600729,20.812089475109772,61.31782648614312,38.68217351385688,500.4470368821042,816.1526028571766,816.1526028571766
60,0.25,151.19164950749837,18.524924012765332,79.84275049890846,20.157249501091542,651.6386863896025,816.1526028571766,816.1526028571766
100,0.15,8.949856006179445,1.0965910020807264,80.93934150098919,19.060658499010813,660.5885423957819,816.1526028571766,816.1526028571766
140,0.11,105.31817087627947,12.904225325947985,93.84356682693718,6.156433173062823,765.9067132720614,816.1526028571766,816.1526028571766
200,0.08,50.24588958511511,6.156433173062849,100.00000000000003,-2.842170943040401e-14,816.1526028571766,816.1526028571766,816.1526028571766
